Metric,Value
Accuracy,0.480272114276886
F1 Score,0.39326541591937075
ROC AUC,0.6019360095721816
