Metric,Value
Accuracy,0.4843537509441376
F1 Score,0.4248633123301159
ROC AUC,0.6028363780944451
