Metric,Value
Accuracy,0.458503395318985
F1 Score,0.38239570731863193
ROC AUC,0.5880275172340741
