Model,accuracy,precision,recall,f1,roc_auc
XGBoost,0.572972972972973,,,,
LSTM,0.4843537509441376,,,,0.6028363780944451
