Model,accuracy,precision,recall,f1,roc_auc
XGBoost,0.572972972972973,,,,
LSTM,0.480272114276886,,,,0.6019360095721816
