Model,accuracy,precision,recall,f1,roc_auc
XGBoost,0.5702702702702702,,,,
LSTM,0.458503395318985,,,,0.5880275172340741
