Metric,Value
Accuracy,0.4779660999774933
F1 Score,0.40048539166487657
ROC AUC,0.6064802736804062
