Metric,Value
Accuracy,0.47457626461982727
F1 Score,0.4200242847901425
ROC AUC,0.6038088332362092
