Metric,Value
Accuracy,0.40847456455230713
F1 Score,0.39598137495578295
ROC AUC,0.5828638301010853
