Model,accuracy,precision,recall,f1,roc_auc
XGBoost,0.5454545454545454,,,,
LSTM,0.40847456455230713,,,,0.5828638301010853
