Model,accuracy,precision,recall,f1,roc_auc
XGBoost,0.5454545454545454,,,,
LSTM,0.4779660999774933,,,,0.6064802736804062
