Model,accuracy,precision,recall,f1,roc_auc
XGBoost,0.5252525252525253,,,,
LSTM,0.47457626461982727,,,,0.6038088332362092
