Metric,Value
Accuracy,0.4091680943965912
F1 Score,0.3719985808353378
ROC AUC,0.5630663739500843
