Metric,Value
Accuracy,0.4448217451572418
F1 Score,0.3636395257320149
ROC AUC,0.5725977982268181
