Model,accuracy,precision,recall,f1,roc_auc
XGBoost,0.5050505050505051,,,,
LSTM,0.4448217451572418,,,,0.5725977982268181
