Model,accuracy,precision,recall,f1,roc_auc
XGBoost,0.5050505050505051,,,,
LSTM,0.4091680943965912,,,,0.5630663739500843
