Metric,Value
Accuracy,0.454054057598114
F1 Score,0.3959117260898017
ROC AUC,0.6000235528360528
