Metric,Value
Accuracy,0.38108107447624207
F1 Score,0.3317822333611807
ROC AUC,0.5597894813519814
