Metric,Value
Accuracy,0.4445945918560028
F1 Score,0.3994693336041613
ROC AUC,0.604623883061383
