Model,accuracy,precision,recall,f1,roc_auc
XGBoost,0.5297297297297298,,,,
LSTM,0.454054057598114,,,,0.6000235528360528
