Model,accuracy,precision,recall,f1,roc_auc
XGBoost,0.5297297297297298,,,,
LSTM,0.4445945918560028,,,,0.604623883061383
