Model,accuracy,precision,recall,f1,roc_auc
XGBoost,0.5216216216216216,,,,
LSTM,0.38108107447624207,,,,0.5597894813519814
