League,Method,Train_size,Val_size,Test_size,XGBoost_Accuracy,XGBoost_F1,LSTM_Accuracy,LSTM_F1,Better_Model
bundesliga,time-based,2086,596,297,0.5454545454545454,,0.40847456455230713,,XGBoost
laliga,time-based,2587,740,370,0.5324324324324324,,0.45270270109176636,,XGBoost
premierleague,time-based,2588,740,370,0.572972972972973,,0.480272114276886,,XGBoost
seriea,time-based,2585,741,370,0.5297297297297298,,0.4445945918560028,,XGBoost
ligue1,time-based,2486,740,297,0.5050505050505051,,0.4448217451572418,,XGBoost
