Metric,Value
Accuracy,0.4567567706108093
F1 Score,0.4121141589588828
ROC AUC,0.6358403260260356
