Metric,Value
Accuracy,0.45270270109176636
F1 Score,0.40926835510355053
ROC AUC,0.6199213243267206
