Model,accuracy,precision,recall,f1,roc_auc
XGBoost,0.5324324324324324,,,,
LSTM,0.4567567706108093,,,,0.6358403260260356
