Model,accuracy,precision,recall,f1,roc_auc
XGBoost,0.5324324324324324,,,,
LSTM,0.45270270109176636,,,,0.6199213243267206
